Model,RMSE,MAE,R²
Random Forest,551.0842896259016,339.81514443147336,0.9310671164679137
XGBoost,471.6521823139062,314.30578239278555,0.9495066620122115
LSTM,631.6441166646994,389.57317715434084,0.909595937936425
